<?xml version="1.0" encoding="ISO-8859-1"?>
<metadata>
<firstname></firstname>
<lastname></lastname>
<fileDescription></fileDescription>
<additionalComments></additionalComments>
<department></department>
<email></email>
<willYouGrade></willYouGrade>
<phone_area></phone_area>
<phone_prefix></phone_prefix>
<phone_suffix></phone_suffix>
<path>uploads//_0/</path>
<documentFileName></documentFileName>
<rubricFileName></rubricFileName>
<studentInstructionsFileName></studentInstructionsFileName>
<instructorInstructionsFileName></instructorInstructionsFileName>
</metadata>

