<?xml version="1.0" encoding="ISO-8859-1"?>
<metadata>
<firstname>Jeff</firstname>
<lastname>Bauer</lastname>
<fileDescription>Simple spreadsheet for budget discussions.  "Clean" section on top and data entry section below, etc.						</fileDescription>
<additionalComments>On this type of spreadsheet - can they perform some simple data manipulations and create a portion to print that looks "nice" for presentation purposes.				</additionalComments>
<department>Business</department>
<email>jeff.bauer@uc.edu</email>
<willYouGrade>Yes</willYouGrade>
<phone_area>513</phone_area>
<phone_prefix>732</phone_prefix>
<phone_suffix>5257</phone_suffix>
<path>uploads/Business/UC Budget and Priorities Committee - Common Sized Expense Statement 95 - 11 v3/</path>
<documentFileName>UC Budget and Priorities Committee - Common Sized Expense Statement 95 - 11 v3.xls</documentFileName>
<rubricFileName></rubricFileName>
<studentInstructionsFileName></studentInstructionsFileName>
<instructorInstructionsFileName></instructorInstructionsFileName>
</metadata>

